place,title,time,pay,date
서울 강남구, hy 일원점,08:00~16:00,"월급1,900,000",
전북 군산시, hy 수송점,08:00~15:00,"월급1,800,000",
전북 군산시, hy 수송점,08:00~15:00,"월급1,800,000",
전북 군산시, hy 수송점,08:00~15:00,"월급1,800,000",
전북 군산시, hy 경암점,08:00~15:00,"월급1,800,000",
전북 군산시, hy 경암점,08:00~15:00,"월급1,800,000",
서울 강남구, hy 일원점,08:00~15:00,"월급1,500,000",
경남 함양군, hy 거창점,06:00~15:00,"월급2,000,000",
서울 강남구, hy 일원점,시간협의,"월급2,000,000",
경남 거창군, hy 거창점,06:00~15:00,"월급2,500,000",
경북 포항시, hy 두호점,08:00~15:00,"월급1,800,000",
경북 포항시, hy 두호점,08:00~15:00,"월급1,800,000",
대구 수성구, hy 신매점,08:00~15:00,"월급1,800,000",
경북 경산시, hy 신매점,08:00~15:00,"월급1,800,000",
경북 경산시, hy 신매점,08:00~15:00,"월급1,800,000",
대구 수성구, hy 범어점,08:00~15:00,"월급1,800,000",
대구 남구, hy 범어점,08:00~15:00,"월급1,800,000",
대구 북구, hy 침산점,08:00~15:00,"월급1,800,000",
대구 북구, hy 침산점,08:00~15:00,"월급1,800,000",
대구 북구, hy 침산점,08:00~15:00,"월급1,800,000",
대구 북구, hy 칠성점,08:00~15:00,"월급1,800,000",
대구 북구, hy 칠성점,08:00~15:00,"월급1,800,000",
경북 경주시, hy 동천점,08:00~15:00,"월급1,800,000",
경북 경주시, hy 동천점,08:00~15:00,"월급1,800,000",
대구 동구, hy 율하점,08:00~15:00,"월급1,800,000",
대구 동구, hy 율하점,08:00~15:00,"월급1,800,000",
대구 동구, hy 율하점,08:00~15:00,"월급1,800,000",
대구 동구, hy 신암점,08:00~15:00,"월급1,800,000",
대구 동구, hy 신암점,08:00~15:00,"월급1,800,000",
서울 서초구, hy 신장점,07:00~13:00,"월급1,500,000",
서울 서초구, hy 신장점,07:00~13:00,"월급1,500,000",
서울 서초구, hy 신장점,07:00~13:00,"월급1,500,000",
대구 동구, hy 신서점,08:00~15:00,"월급1,800,000",
대구 동구, hy 신서점,08:00~15:00,"월급1,800,000",
서울 광진구, hy 명일점,07:00~13:00,"월급1,800,000",
서울 광진구, hy 명일점,07:00~13:00,"월급1,800,000",
대구 달서구, hy 장기점,08:00~15:00,"월급1,800,000",
대구 달서구, hy 장기점,08:00~15:00,"월급1,800,000",
대구 달서구, hy 장기점,08:00~15:00,"월급1,800,000",
경기 하남시, hy 상일점,08:00~16:00,"월급2,000,000",
